{
  "test_auc": 0.694577791590913,
  "test_ap": 0.3218534670281782,
  "n_features": 21
}